x,y,theta
0.0,0.0,1.1253388328842984
0.01,0.020940889078561845,1.125168252223126
0.02,0.041863416151251,1.1246562280701937
0.03,0.06274926749550937,1.1238019142024769
0.04,0.08358022572974529,1.1226039012151658
0.049999999999999996,0.1043382174211052,1.1210602180287412
0.06,0.1250053600220253,1.119168334112892
0.06999999999999999,0.14556400791850777,1.116925162542555
0.08,0.16599679737872194,1.1143270640360778
0.09,0.18628669019750407,1.111369852161461
0.09999999999999999,0.20641701584056488,1.1080487999340416
0.10999999999999999,0.22637151190163746,1.1043586480679366
0.12,0.24613436269632763,1.100293615184095
0.13,0.26569023582797785,1.0958474103198848
0.13999999999999999,0.28502431657332433,1.0910132481284813
0.15,0.30412233994900895,1.0857838672006344
0.16,0.32297062033400026,1.080151551986003
0.16999999999999998,0.3415560785375529,1.0741081588354062
0.18,0.35986626621739326,1.0676451467278258
0.18999999999999997,0.3778893875682225,1.0607536132854238
0.19999999999999998,0.3956143182162682,1.0534243367142184
0.21,0.4130306212713715,1.0456478243351304
0.21999999999999997,0.4301285605038412,1.0374143683869577
0.23,0.4468991106289363,1.0287141097860604
0.24,0.4633339646972348,1.0195371105131745
0.25,0.479425538604203,1.0098734352612218
0.26,0.49516697274690014,0.9997132429141885
0.27,0.5105521308698406,0.9890468883305176
0.27999999999999997,0.5255755961555032,0.9778650347692013
0.29,0.5402326646277501,0.9661587771169604
0.3,0.5545193359484235,0.9539197758449639
0.31,0.5684323016985641,0.9411404013386279
0.32,0.5819689312460026,0.9278138879005984
0.33,0.5951272553104515,0.9139344963235515
0.33999999999999997,0.6079059473456588,0.8994976834672707
0.35000000000000003,0.6203043028656428,0.8845002767585959
0.36,0.6323222168484964,0.8689406509729868
0.37,0.643960159356737,0.8528189040676855
0.37999999999999995,0.6552191495176637,0.8361370282401503
0.39,0.6661007280107231,0.8188990718092822
0.39999999999999997,0.6766069282114487,0.8011112869951926
0.41,0.6867402461432004,0.7827822582456148
0.42,0.6965036093886946,0.7639230054674464
0.43,0.7059003451132457,0.7445470564158353
0.43999999999999995,0.7149341473507587,0.7246704826146395
0.44999999999999996,0.7236090437019012,0.7043118935691708
0.46,0.7319293615915641,0.6834923847128115
0.47,0.7398996942297832,0.6622354355162162
0.48,0.7475248664167721,0.6405667554749999
0.49,0.7548099003286893,0.6185140772501316
0.5,0.7617599814162893,0.5961068980118311
0.51,0.7683804245437371,0.5733761719565652
0.52,0.7746766404896901,0.5503539589319363
0.5299999999999999,0.7806541029272894,0.5270730360063944
0.54,0.7863183159940597,0.5035664805448354
0.5499999999999999,0.7916747825569065,0.479867234786773
0.5599999999999999,0.7967289732715116,0.45600766297493195
0.57,0.8014862965294776,0.43201911267673426
0.58,0.8059520693806471,0.4079314920382846
0.59,0.810131489512118,0.3837728743044701
0.6,0.8140296083596739,0.35956914005962176
0.61,0.8176513054216521,0.33534366635329893
0.62,0.8210012638397259,0.3111170702632599
0.63,0.8240839473056971,0.28690701261755475
0.64,0.8269035783482086,0.26272806566144274
0.6499999999999999,0.8294641180482974,0.2385916465206537
0.66,0.8317692472279383,0.2145060164762449
0.67,0.833822349151173,0.19047634440493266
0.6799999999999999,0.8356264937730853,0.16650483130631719
0.69,0.8371844235677586,0.14259089166453626
0.7000000000000001,0.8384985409624496,0.11873138648298784
0.71,0.8395708974014858,0.0949209021731879
0.72,0.8404031840598705,0.07115206904300803
0.7299999999999999,0.8409967242232064,0.047415912875439024
0.74,0.8413524673473235,0.023702232971092287
0.75,0.8414709848078965,6.929091410325648e-17
0.7599999999999999,0.8413524673473235,-0.023702232971092144
0.77,0.8409967242232064,-0.04741591287543889
0.78,0.8404031840598705,-0.07115206904300789
0.7899999999999999,0.8395708974014858,-0.09492090217318777
0.7999999999999999,0.8384985409624497,-0.11873138648298767
0.81,0.8371844235677586,-0.14259089166453615
0.82,0.8356264937730853,-0.16650483130631707
0.83,0.8338223491511731,-0.1904763444049325
0.84,0.8317692472279383,-0.21450601647624473
0.85,0.8294641180482974,-0.2385916465206536
0.86,0.8269035783482087,-0.2627280656614426
0.87,0.8240839473056971,-0.28690701261755464
0.8799999999999999,0.8210012638397259,-0.3111170702632598
0.89,0.8176513054216521,-0.33534366635329876
0.8999999999999999,0.814029608359674,-0.3595691400596216
0.9099999999999999,0.8101314895121181,-0.3837728743044699
0.92,0.8059520693806471,-0.40793149203828455
0.9299999999999999,0.8014862965294776,-0.43201911267673415
0.94,0.7967289732715116,-0.4560076629749317
0.95,0.7916747825569066,-0.4798672347867726
0.96,0.7863183159940595,-0.5035664805448355
0.97,0.7806541029272893,-0.5270730360063945
0.98,0.7746766404896901,-0.550353958931936
0.9899999999999999,0.7683804245437371,-0.573376171956565
1.0,0.7617599814162891,-0.5961068980118315
1.01,0.7548099003286894,-0.6185140772501314
1.02,0.7475248664167721,-0.6405667554749997
1.0299999999999998,0.7398996942297832,-0.6622354355162161
1.04,0.7319293615915641,-0.6834923847128113
1.05,0.7236090437019012,-0.7043118935691706
1.0599999999999998,0.7149341473507588,-0.7246704826146394
1.07,0.7059003451132457,-0.7445470564158353
1.08,0.6965036093886947,-0.7639230054674463
1.0899999999999999,0.6867402461432004,-0.7827822582456148
1.0999999999999999,0.676606928211449,-0.8011112869951922
1.11,0.6661007280107231,-0.8188990718092823
1.1199999999999999,0.6552191495176636,-0.8361370282401506
1.13,0.6439601593567372,-0.8528189040676852
1.14,0.6323222168484967,-0.8689406509729866
1.15,0.6203043028656425,-0.884500276758596
1.16,0.607905947345659,-0.8994976834672703
1.17,0.5951272553104516,-0.9139344963235515
1.18,0.5819689312460027,-0.9278138879005982
1.19,0.5684323016985642,-0.9411404013386279
1.2,0.5545193359484236,-0.9539197758449638
1.21,0.5402326646277502,-0.9661587771169604
1.22,0.5255755961555032,-0.9778650347692013
1.2299999999999998,0.510552130869841,-0.9890468883305173
1.24,0.49516697274690014,-0.9997132429141885
1.25,0.47942553860420295,-1.0098734352612218
1.26,0.46333396469723476,-1.0195371105131745
1.27,0.44689911062893617,-1.0287141097860604
1.28,0.43012856050384146,-1.0374143683869574
1.2899999999999998,0.41303062127137175,-1.0456478243351301
1.2999999999999998,0.3956143182162684,-1.0534243367142182
1.3099999999999998,0.37788938756822266,-1.0607536132854238
1.32,0.3598662662173931,-1.0676451467278258
1.33,0.34155607853755304,-1.0741081588354062
1.34,0.3229706203340004,-1.080151551986003
1.3499999999999999,0.30412233994900906,-1.0857838672006341
1.3599999999999999,0.2850243165733244,-1.0910132481284813
1.3699999999999999,0.2656902358279779,-1.0958474103198848
1.38,0.24613436269632807,-1.100293615184095
1.3900000000000001,0.22637151190163748,-1.1043586480679366
1.4000000000000001,0.20641701584056488,-1.1080487999340416
1.41,0.18628669019750405,-1.111369852161461
1.42,0.1659967973787219,-1.1143270640360778
1.43,0.14556400791850807,-1.116925162542555
1.44,0.12500536002202559,-1.119168334112892
1.45,0.10433821742110548,-1.1210602180287412
1.4599999999999997,0.08358022572974554,-1.1226039012151658
1.47,0.06274926749550913,-1.1238019142024769
1.48,0.041863416151251186,-1.1246562280701937
1.49,0.020940889078561998,-1.125168252223126
1.5,1.2246467991473532e-16,-1.1253388328842984
1.51,-0.020940889078561755,-1.125168252223126
1.5199999999999998,-0.04186341615125094,-1.1246562280701937
1.5299999999999998,-0.0627492674955089,-1.1238019142024769
1.54,-0.08358022572974529,-1.1226039012151658
1.55,-0.10433821742110524,-1.1210602180287412
1.56,-0.12500536002202534,-1.119168334112892
1.57,-0.14556400791850785,-1.116925162542555
1.5799999999999998,-0.16599679737872167,-1.114327064036078
1.5899999999999999,-0.1862866901975038,-1.111369852161461
1.5999999999999999,-0.20641701584056463,-1.1080487999340416
1.6099999999999999,-0.22637151190163723,-1.1043586480679366
1.62,-0.24613436269632785,-1.100293615184095
1.6300000000000001,-0.2656902358279777,-1.0958474103198848
1.64,-0.28502431657332417,-1.0910132481284815
1.65,-0.30412233994900884,-1.0857838672006344
1.66,-0.32297062033400015,-1.080151551986003
1.67,-0.3415560785375528,-1.0741081588354062
1.68,-0.35986626621739287,-1.067645146727826
1.6900000000000002,-0.3778893875682225,-1.0607536132854238
1.7,-0.39561431821626825,-1.0534243367142184
1.71,-0.4130306212713716,-1.0456478243351304
1.72,-0.4301285605038413,-1.0374143683869577
1.73,-0.446899110628936,-1.0287141097860606
1.74,-0.46333396469723453,-1.0195371105131745
1.7499999999999998,-0.4794255386042028,-1.009873435261222
1.7599999999999998,-0.49516697274689997,-0.9997132429141886
1.77,-0.5105521308698407,-0.9890468883305175
1.78,-0.525575596155503,-0.9778650347692014
1.79,-0.5402326646277501,-0.9661587771169605
1.7999999999999998,-0.5545193359484234,-0.953919775844964
1.8099999999999998,-0.568432301698564,-0.941140401338628
1.8199999999999998,-0.5819689312460026,-0.9278138879005984
1.8299999999999998,-0.5951272553104512,-0.913934496323552
1.84,-0.6079059473456588,-0.8994976834672707
1.85,-0.6203043028656428,-0.8845002767585959
1.8599999999999999,-0.6323222168484965,-0.8689406509729867
1.8699999999999999,-0.643960159356737,-0.8528189040676855
1.88,-0.6552191495176635,-0.8361370282401506
1.89,-0.666100728010723,-0.8188990718092827
1.9,-0.6766069282114486,-0.8011112869951929
1.9099999999999997,-0.6867402461432004,-0.782782258245615
1.92,-0.6965036093886948,-0.7639230054674461
1.93,-0.7059003451132455,-0.7445470564158356
1.94,-0.7149341473507589,-0.7246704826146392
1.95,-0.7236090437019012,-0.7043118935691709
1.96,-0.7319293615915639,-0.683492384712812
1.9699999999999998,-0.7398996942297832,-0.6622354355162163
1.9799999999999998,-0.7475248664167718,-0.6405667554750005
1.99,-0.7548099003286893,-0.6185140772501316
2.0,-0.7617599814162893,-0.5961068980118307
2.01,-0.7683804245437371,-0.5733761719565652
2.02,-0.7746766404896899,-0.5503539589319366
2.03,-0.7806541029272894,-0.5270730360063943
2.04,-0.7863183159940594,-0.5035664805448359
2.05,-0.7916747825569064,-0.47986723478677373
2.0599999999999996,-0.7967289732715115,-0.4560076629749323
2.07,-0.8014862965294776,-0.4320191126767339
2.08,-0.8059520693806471,-0.40793149203828477
2.09,-0.8101314895121181,-0.38377287430446966
2.1,-0.8140296083596739,-0.3595691400596219
2.11,-0.8176513054216521,-0.3353436663532995
2.1199999999999997,-0.8210012638397258,-0.3111170702632601
2.13,-0.824083947305697,-0.28690701261755547
2.14,-0.8269035783482087,-0.2627280656614426
2.15,-0.8294641180482974,-0.2385916465206531
2.16,-0.8317692472279383,-0.21450601647624504
2.17,-0.833822349151173,-0.19047634440493302
2.1799999999999997,-0.8356264937730853,-0.1665048313063171
2.19,-0.8371844235677586,-0.1425908916645364
2.1999999999999997,-0.8384985409624496,-0.11873138648298873
2.21,-0.8395708974014857,-0.09492090217318831
2.22,-0.8404031840598705,-0.07115206904300768
2.23,-0.8409967242232064,-0.04741591287543918
2.2399999999999998,-0.8413524673473235,-0.02370223297109192
2.25,-0.8414709848078965,-2.0787274230976946e-16
2.26,-0.8413524673473235,0.023702232971091506
2.27,-0.8409967242232064,0.047415912875438754
2.28,-0.8404031840598705,0.07115206904300725
2.29,-0.8395708974014858,0.09492090217318787
2.3,-0.8384985409624496,0.11873138648298828
2.31,-0.8371844235677586,0.14259089166453595
2.32,-0.8356264937730853,0.16650483130631671
2.33,-0.833822349151173,0.1904763444049326
2.34,-0.8317692472279383,0.2145060164762446
2.3499999999999996,-0.8294641180482976,0.23859164652065268
2.36,-0.8269035783482087,0.2627280656614422
2.37,-0.8240839473056971,0.28690701261755497
2.38,-0.8210012638397259,0.3111170702632597
2.39,-0.8176513054216521,0.3353436663532991
2.4,-0.814029608359674,0.3595691400596215
2.4099999999999997,-0.8101314895121182,0.38377287430446927
2.42,-0.8059520693806471,0.40793149203828427
2.4299999999999997,-0.8014862965294777,0.4320191126767335
2.44,-0.7967289732715116,0.4560076629749318
2.4499999999999997,-0.7916747825569067,0.47986723478677235
2.4599999999999995,-0.7863183159940598,0.5035664805448344
2.4699999999999998,-0.7806541029272894,0.5270730360063939
2.48,-0.7746766404896901,0.5503539589319363
2.49,-0.7683804245437369,0.5733761719565659
2.5,-0.7617599814162892,0.5961068980118314
2.5100000000000002,-0.7548099003286894,0.6185140772501312
2.52,-0.747524866416772,0.6405667554750002
2.53,-0.7398996942297833,0.6622354355162159
2.54,-0.731929361591564,0.6834923847128115
2.55,-0.7236090437019013,0.7043118935691705
2.56,-0.714934147350759,0.7246704826146388
2.57,-0.7059003451132457,0.7445470564158353
2.5799999999999996,-0.6965036093886949,0.7639230054674458
2.59,-0.6867402461432005,0.7827822582456146
2.5999999999999996,-0.6766069282114491,0.8011112869951921
2.61,-0.6661007280107235,0.8188990718092816
2.6199999999999997,-0.6552191495176639,0.83613702824015
2.6300000000000003,-0.643960159356737,0.8528189040676855
2.64,-0.6323222168484962,0.868940650972987
2.65,-0.6203043028656426,0.8845002767585959
2.66,-0.6079059473456591,0.8994976834672703
2.67,-0.5951272553104514,0.9139344963235517
2.68,-0.5819689312460028,0.9278138879005982
2.69,-0.568432301698564,0.941140401338628
2.6999999999999997,-0.5545193359484237,0.9539197758449637
2.71,-0.5402326646277507,0.9661587771169601
2.7199999999999998,-0.5255755961555033,0.9778650347692012
2.73,-0.5105521308698411,0.9890468883305172
2.7399999999999998,-0.49516697274690025,0.9997132429141884
2.7499999999999996,-0.4794255386042034,1.0098734352612215
2.76,-0.46333396469723553,1.019537110513174
2.7699999999999996,-0.4468991106289366,1.0287141097860604
2.7800000000000002,-0.4301285605038412,1.0374143683869577
2.79,-0.4130306212713712,1.0456478243351304
2.8000000000000003,-0.3956143182162682,1.0534243367142184
2.81,-0.37788938756822277,1.0607536132854238
2.82,-0.3598662662173932,1.0676451467278258
2.83,-0.34155607853755315,1.074108158835406
2.84,-0.3229706203340001,1.080151551986003
2.85,-0.30412233994900917,1.0857838672006341
2.86,-0.2850243165733249,1.0910132481284813
2.8699999999999997,-0.265690235827978,1.0958474103198848
2.88,-0.24613436269632818,1.100293615184095
2.8899999999999997,-0.2263715119016376,1.1043586480679364
2.9,-0.20641701584056543,1.1080487999340416
2.9099999999999997,-0.18628669019750502,1.1113698521614608
2.9199999999999995,-0.16599679737872242,1.1143270640360778
2.93,-0.14556400791850777,1.116925162542555
2.94,-0.12500536002202484,1.119168334112892
2.95,-0.10433821742110516,1.1210602180287412
2.96,-0.08358022572974565,1.1226039012151658
2.97,-0.06274926749550926,1.1238019142024769
2.98,-0.041863416151251304,1.1246562280701937
2.9899999999999998,-0.02094088907856168,1.125168252223126
